Address,City,Country
Papaflessa 65 Galatsi,Athens,Greece
Karlaplan 13,STOCKHOLM,Sweden
Nybrogatan 47,STOCKHOLM,Sweden
Karlavägen 100 A,STOCKHOLM,Sweden
Hötorgshallen,STOCKHOLM,Sweden
Drottninggatan 45,STOCKHOLM,Sweden
Norrlandsgatan 3,STOCKHOLM,Sweden
Drottninggatan 22,STOCKHOLM,Sweden
Rålambsvägen 7-9,STOCKHOLM,Sweden
Kungsholmstorg 11 A,STOCKHOLM,Sweden
Lindhagensgatan 118,STOCKHOLM,Sweden
Fleminggatan 56,STOCKHOLM,Sweden
Odengatan 92,STOCKHOLM,Sweden
Solnavägen 2b,STOCKHOLM,Sweden
Odengatan 58,STOCKHOLM,Sweden
Birger Jarlsgatan 84,STOCKHOLM,Sweden
Sveavägen 66,STOCKHOLM,Sweden
Vasagatan 25,STOCKHOLM,Sweden
Götgatan 132,,Sweden
Folkungagatan 56,STOCKHOLM,Sweden
"Medborgarplatsen 3, STOCKHOLM , Sweden",,
Rosenlundsgatan 7,,Sweden
Lugnets Allé 26-28,STOCKHOLM,Sweden
Långholmsgatan 21A,STOCKHOLM,Sweden
asdq,STOCKHOLM,Sweden
"Heraclesou 18, St. Kifissia",Athens,Greece
"Nestoros 1, Ilion",Athens,Greece
Corfu Town,Corfu,Greece
"Ermou 1 , Iraklio",Athens,Greece
